{
  "cases": [
    {
      "instances": 40,
      "measurements_ms": {
        "end_to_end": 23.736789938993752,
        "matching_iou_all_pairs": 0.8062539855018258,
        "metric_fn": 0.009568058885633945,
        "metric_fp": 0.0119420001283288,
        "metric_global_bin_assd": 0.009988085366785526,
        "metric_global_bin_cedi": 0.006634974852204323,
        "metric_global_bin_cldsc": 0.00803195871412754,
        "metric_global_bin_dsc": 0.0043299514800310135,
        "metric_global_bin_hd": 0.008661067113280296,
        "metric_global_bin_hd95": 0.008172006346285343,
        "metric_global_bin_iou": 0.010616029612720013,
        "metric_global_bin_nsd": 0.008590053766965866,
        "metric_global_bin_rvae": 0.009987037628889084,
        "metric_global_bin_rvd": 0.008521019481122494,
        "metric_global_bin_volume_pred": 0.004748930223286152,
        "metric_global_bin_volume_ref": 0.0028639333322644234,
        "metric_instance_volume_ref": 0.0056569697335362434,
        "metric_instance_voxel_count_ref": 0.0029330840334296227,
        "metric_n_pred_instances": 0.0029330840334296227,
        "metric_n_ref_instances": 0.004259985871613026,
        "metric_pq": 0.007194001227617264,
        "metric_pq_cldsc": 0.01047598198056221,
        "metric_pq_dsc": 0.009428011253476143,
        "metric_prec": 0.009568990208208561,
        "metric_rec": 0.010476098395884037,
        "metric_region_avg_assd": 0.01012696884572506,
        "metric_region_avg_cedi": 0.009428011253476143,
        "metric_region_avg_cldsc": 0.00866095069795847,
        "metric_region_avg_dsc": 0.010266900062561035,
        "metric_region_avg_hd": 0.008590985089540482,
        "metric_region_avg_hd95": 0.008519971743226051,
        "metric_region_avg_iou": 0.00935897696763277,
        "metric_region_avg_nsd": 0.008660019375383854,
        "metric_region_avg_rvae": 0.009568990208208561,
        "metric_region_avg_rvd": 0.008729984983801842,
        "metric_rq": 0.013339915312826633,
        "metric_sq": 0.019206898286938667,
        "metric_sq_assd": 0.04728301428258419,
        "metric_sq_assd_std": 0.010056886821985245,
        "metric_sq_cedi": 0.011384021490812302,
        "metric_sq_cedi_std": 0.011872965842485428,
        "metric_sq_cldsc": 0.026261084713041782,
        "metric_sq_cldsc_std": 0.012501026503741741,
        "metric_sq_dsc": 0.012152944691479206,
        "metric_sq_dsc_std": 0.01201301347464323,
        "metric_sq_hd": 0.01145398709923029,
        "metric_sq_hd95": 0.011314055882394314,
        "metric_sq_hd95_std": 0.0615300377830863,
        "metric_sq_hd_std": 0.023396918550133705,
        "metric_sq_nsd": 0.012362026609480381,
        "metric_sq_nsd_std": 0.01145398709923029,
        "metric_sq_rvae": 0.01145398709923029,
        "metric_sq_rvae_std": 0.011384021490812302,
        "metric_sq_rvd": 0.012501957826316357,
        "metric_sq_rvd_std": 0.013828976079821587,
        "metric_sq_std": 0.012711039744317532,
        "metric_tp": 0.004748930223286152,
        "phase_approximation": 1.1833999305963516,
        "phase_edge_case_handling": 0.05685200449079275,
        "phase_global_metrics": 0.9101079776883125,
        "phase_instance_evaluation": 16.26539195422083,
        "phase_matching": 2.4509590584784746,
        "phase_preprocess": 0.3926509525626898,
        "surface_shared": 4.81349800247699,
        "surface_unshared": 24.033898022025824,
        "voronoi_regions": 3.743101959116757
      },
      "name": "2D quick",
      "shape": [
        256,
        256
      ]
    },
    {
      "instances": 30,
      "measurements_ms": {
        "end_to_end": 92.49424701556563,
        "matching_iou_all_pairs": 14.151768991723657,
        "metric_fn": 0.007613096386194229,
        "metric_fp": 0.009079929441213608,
        "metric_global_bin_assd": 0.012293108738958836,
        "metric_global_bin_cedi": 0.007541966624557972,
        "metric_global_bin_cldsc": 0.008869916200637817,
        "metric_global_bin_dsc": 0.0038410071283578873,
        "metric_global_bin_hd": 0.007612979970872402,
        "metric_global_bin_hd95": 0.007123919203877449,
        "metric_global_bin_iou": 0.008590985089540482,
        "metric_global_bin_nsd": 0.007194001227617264,
        "metric_global_bin_rvae": 0.007751979865133762,
        "metric_global_bin_rvd": 0.009499024599790573,
        "metric_global_bin_volume_pred": 0.0018849968910217285,
        "metric_global_bin_volume_ref": 0.002863002009689808,
        "metric_instance_volume_ref": 0.0032819807529449463,
        "metric_instance_voxel_count_ref": 0.003422028385102749,
        "metric_n_pred_instances": 0.0037709251046180725,
        "metric_n_ref_instances": 0.0038419384509325027,
        "metric_pq": 0.008661067113280296,
        "metric_pq_cldsc": 0.011384021490812302,
        "metric_pq_dsc": 0.009568058885633945,
        "metric_prec": 0.007612979970872402,
        "metric_rec": 0.009707990102469921,
        "metric_region_avg_assd": 0.009707990102469921,
        "metric_region_avg_cedi": 0.011523952707648277,
        "metric_region_avg_cldsc": 0.010406016372144222,
        "metric_region_avg_dsc": 0.009499024599790573,
        "metric_region_avg_hd": 0.0072640832513570786,
        "metric_region_avg_hd95": 0.007612048648297787,
        "metric_region_avg_iou": 0.009638024494051933,
        "metric_region_avg_nsd": 0.007054070010781288,
        "metric_region_avg_rvae": 0.007124035619199276,
        "metric_region_avg_rvd": 0.009428011253476143,
        "metric_rq": 0.016972073353827,
        "metric_sq": 0.018997001461684704,
        "metric_sq_assd": 0.012501957826316357,
        "metric_sq_assd_std": 0.010894960723817348,
        "metric_sq_cedi": 0.012920936569571495,
        "metric_sq_cedi_std": 0.011384021490812302,
        "metric_sq_cldsc": 0.04574703052639961,
        "metric_sq_cldsc_std": 0.01543504185974598,
        "metric_sq_dsc": 0.011384021490812302,
        "metric_sq_dsc_std": 0.011523952707648277,
        "metric_sq_hd": 0.012921052984893322,
        "metric_sq_hd95": 0.010894960723817348,
        "metric_sq_hd95_std": 0.011383905075490475,
        "metric_sq_hd_std": 0.014736899174749851,
        "metric_sq_nsd": 0.012851087376475334,
        "metric_sq_nsd_std": 0.009498908184468746,
        "metric_sq_rvae": 0.01424702350050211,
        "metric_sq_rvae_std": 0.011313939467072487,
        "metric_sq_rvd": 0.012989970855414867,
        "metric_sq_rvd_std": 0.014736084267497063,
        "metric_sq_std": 0.017181038856506348,
        "metric_tp": 0.0028640497475862503,
        "phase_approximation": 3.857503063045442,
        "phase_edge_case_handling": 0.08464907296001911,
        "phase_global_metrics": 0.7941009243950248,
        "phase_instance_evaluation": 132.99314805772156,
        "phase_matching": 27.416338096372783,
        "phase_preprocess": 4.851631936617196,
        "surface_shared": 164.62415794376284,
        "surface_unshared": 787.3119770083576,
        "voronoi_regions": 72.89076701272279
      },
      "name": "3D quick",
      "shape": [
        96,
        96,
        96
      ]
    }
  ],
  "commit": "4d0f699",
  "python": "3.11.15"
}